{
  "Player": {
    "ammo": 
    { "heat": 1010,
     "aPFSFDS": 30,
      "hE": 900,
       "mG": 40 
      },
    "player Target States": {
      "movingTargetsHits": 10,
      "staticTargetHits": 10,
      "totalCannonHits": 10,
      "totalCannonMissed": 10
    },
    "currentLocation": {
      "x": 333917.73898141796,
      "y": 236135.07519222042,
      "z": -2642.7952590149425
    }
  }
}
